{
  "hash": "b5ea1c0f",
  "configHash": "01782164",
  "lockfileHash": "eb99c084",
  "browserHash": "fba4b12a",
  "optimized": {
    "@angular/core": {
      "src": "../../../../../node_modules/@angular/core/fesm2022/core.mjs",
      "file": "@angular_core.js",
      "fileHash": "a51d29aa",
      "needsInterop": false
    },
    "@angular/platform-browser": {
      "src": "../../../../../node_modules/@angular/platform-browser/fesm2022/platform-browser.mjs",
      "file": "@angular_platform-browser.js",
      "fileHash": "a2d08349",
      "needsInterop": false
    },
    "@angular/router": {
      "src": "../../../../../node_modules/@angular/router/fesm2022/router.mjs",
      "file": "@angular_router.js",
      "fileHash": "068f14a7",
      "needsInterop": false
    }
  },
  "chunks": {
    "chunk-NKRQVUSQ": {
      "file": "chunk-NKRQVUSQ.js"
    },
    "chunk-QT62IOSF": {
      "file": "chunk-QT62IOSF.js"
    }
  }
}